{"timestamp": 1761739319.5922463, "voltage": 224.2708759201484, "current": 27.10342588696356, "power": 5832.472711150533, "power_factor": 0.9438790906987116, "anomaly_score": 0.0008, "anomaly": false}